ID,fq6,fq14_ch_age,fq14_3,f_sep,ss_all,asbi_express,asbi_comply,asbi_disrupt,ch_ST_recs,ch_PA_recs,fq16_st_wk_trunc_hrs,fq16_tv_hrs,fq16_comp_hrs,fq18_avg_out_hrs
30208,Female,3.030801,No,3,78,38,24,12,0,0,3,2,1,1.5
30400,Female,3.865845,No,3,82,39,27,10,1,1,0,0,0,4
30863,Female,2.130048,No,3,68,35,18,11,1,0,0.8571428,0.8571428,0,1.714286
30530,Male,2.105407,No,3,63,29,20,12,1,0,0.5,0.5,0,1.5
300057,Female,2.403833,No,3,78,38,25,11,1,0,0.3571429,0.3571429,0,1.5
30388,Male,2.42026,No,2,66,33,19,14,0,1,3,2,1,3.642857
30205,Male,2.800821,Yes,3,71,33,22,10,1,0,0.3571429,0,0.3571429,1.428571
30244,Male,2.069815,No,3,62,24,22,10,0,0,2.285714,1.428571,0.8571428,2.571429
30386,Male,3.014374,No,3,78,37,25,10,0,0,2.571429,0.8571428,1.714286,2.928571
30615,Male,2.590007,No,3,74,36,23,11,1,0,0,0,0,1.642857
30627,Male,2.551677,No,2,57,24,17,10,0,0,2.142857,1.142857,1,2.785714
30701,Female,2.592745,No,3,78,36,26,10,1,1,0.5,0.5,0,3.642857
30144,Male,2.108145,No,3,74,31,26,9,1,0,0,0,0,2.071429
30679,Female,4.544832,No,3,79,32,30,9,0,1,3.5,3,0.5,4
30876,Male,4.5859,No,3,81,38,29,12,0,0,1.5,1,0.5,2
30690,Female,2.729637,No,3,81,37,26,8,1,0,0.3571429,0.3571429,0,2.285714
30439,Male,3.819302,No,1,78,35,27,14,1,1,0.1428571,0.1428571,0,3.5
30230,Male,4.314853,No,3,79,36,27,12,1,0,0.3571429,0.3571429,0,2.642857
30910,Female,3.808351,No,3,82,39,29,12,0,0,3.714286,1.857143,1.857143,1.714286
30060,Male,2.398357,No,3,60,27,18,11,0,0,1.357143,1.357143,0,1.857143
30561,Male,2.940452,No,3,74,35,21,8,0,0,1.642857,0.5,1.142857,1.785714
30336,Female,2.392882,No,3,74,34,24,10,0,1,6.928572,5.571428,1.357143,8.285714
300018,Male,2.417522,No,3,81,36,29,10,1,1,0.6428572,0,0.6428572,3.214286
30379,Male,3.080082,No,2,77,38,24,13,0,0,1.785714,1.642857,0.1428571,2.785714
30351,Male,2.882957,No,3,71,35,20,10,0,0,1.785714,1.285714,0.5,1.785714
30680,Female,3.252567,No,2,68,31,20,9,0,0,3.285714,2.428571,0.8571428,1.785714
30954,Male,2.028747,No,2,82,36,27,7,0,0,1.357143,1.357143,0,1
30180,Female,3.263518,No,2,62,31,17,12,0,0,3.5,2,1.5,2
30174,Female,3.671458,No,3,76,33,26,9,0,0,2.714286,1.714286,1,0.2857143
30548,Female,2.516085,No,3,75,35,23,9,1,0,1,0.6428572,0.3571429,1.285714
30497,Male,3.657769,No,2,74,36,23,11,0,0,2.642857,2,0.6428572,1.142857
30721,Male,2.699521,No,3,81,36,29,10,1,1,0.1428571,0.1428571,0,6.142858
30564,Female,3.118412,No,3,80,34,29,9,0,0,1.5,1.5,0,2
300011,Male,3.189596,No,3,75,36,25,14,0,0,2.928571,1.285714,1.642857,1.285714
30586,Female,2.702259,No,3,68,34,19,11,0,0,1.714286,1.357143,0.3571429,2.857143
30329,Male,3.310062,No,3,83,37,28,8,0,0,2.142857,0.5,1.642857,2.928571
30415,Female,3.778234,No,2,82,38,27,9,0,0,5.071428,3.285714,1.785714,2.571429
30880,Female,4.714579,No,2,83,39,27,9,0,0,2.142857,1.642857,0.5,1.714286
30135,Female,2.195756,No,3,80,35,28,9,0,1,1.357143,0.8571428,0.5,6
30082,Male,2.954141,No,3,82,34,30,8,1,1,0,0,0,3.285714
30179,Male,2.406571,No,3,67,29,21,11,0,0,2,1,1,1.571429
30885,Female,2.620123,No,3,79,37,26,10,0,0,1.142857,1.142857,0,2.285714
30270,Female,2.940452,No,3,71,35,20,12,0,0,1.571429,0.7142857,0.8571428,0.6428572
30878,Female,2.327173,No,3,63,30,17,10,0,0,1.857143,1.357143,0.5,1.285714
30359,Female,3.994524,No,3,76,39,25,14,0,0,1.714286,1.214286,0.5,1.571429
30588,Male,3.394935,No,2,77,34,26,9,0,0,1.5,1.5,0,2.214286
30931,Female,2.940452,No,3,83,39,28,10,1,0,1,0.5,0.5,1.642857
30716,Female,2.655715,No,3,74,36,23,11,1,0,0.5,0.5,0,2.571429
30114,Male,3.211499,No,3,73,33,22,8,0,1,2,2,0,3
30139,Male,3.370294,No,3,70,32,23,11,1,0,1,0.6428572,0.3571429,1.928571
30578,Female,2.921287,No,3,84,38,30,10,1,0,0.3571429,0.3571429,0,2.428571
30361,Female,5.196441,No,3,87,39,30,8,0,0,1.5,1,0.5,1.785714
30480,Female,3.43874,No,3,74,36,21,9,0,0,1.357143,1.357143,0,1.285714
30297,Male,2.61191,No,3,70,37,19,12,0,1,1.5,1,0.5,3.571429
30788,Female,2.206708,No,2,81,34,28,7,0,0,2.5,2,0.5,1.285714
300047,Female,4.235455,No,3,77,36,26,11,0,0,2.214286,1.714286,0.5,0.5
30189,Female,3.282683,No,3,78,36,27,11,0,0,1.357143,1,0.3571429,2.928571
30681,Male,2.2423,No,3,66,31,19,10,1,0,0,0,0,1.785714
30510,Male,2.206708,No,3,75,34,25,10,1,1,0.6428572,0.6428572,0,3.928571
30327,Male,2.844627,No,2,84,39,26,7,0,0,1.142857,1.142857,0,1
30302,Male,2.9295,No,3,61,25,20,10,0,0,3.714286,3.714286,0,1.857143
30067,Male,2.469541,No,3,81,37,27,11,0,0,1.5,0,1.5,1.5
30751,Male,2.485969,No,3,72,37,22,13,0,1,2.142857,1.5,0.6428572,3.785714
30062,Male,2.414784,No,3,77,38,23,10,1,1,1,0.5,0.5,5.142858
30623,Female,2.020534,No,3,74,35,23,10,0,0,2,1,1,2.571429
30590,Male,2.762491,No,3,81,39,28,14,1,0,0.7142857,0.3571429,0.3571429,1.642857
30902,Female,2.360027,No,1,82,36,29,9,0,0,2.5,2,0.5,2
30666,Male,2.595483,No,3,77,37,24,10,0,0,2.5,2,0.5,2
30097,Male,2.26694,No,2,74,33,25,10,1,1,1,1,0,3.571429
30866,Female,2.633812,No,3,75,38,22,11,0,0,4.5,4,0.5,2.285714
30517,Male,2.677618,No,3,68,30,20,8,0,0,3.142857,1,2.142857,2.642857
30118,Male,3.545517,No,2,72,37,22,13,0,0,3.571429,3.214286,0.3571429,1.642857
30119,Male,3.392197,No,3,70,34,22,12,0,1,2.5,2,0.5,5.5
30777,Female,2.978782,No,2,78,38,24,10,0,0,1.785714,1.642857,0.1428571,1.785714
30484,Male,3.956194,No,3,78,35,28,11,0,1,2,1.5,0.5,4.285714
30445,Female,3.370294,No,3,77,35,25,9,0,0,3,3,0,2.428571
30113,Male,2.724162,No,3,72,34,23,11,0,0,1.357143,1.357143,0,1.285714
30357,Female,2.830938,No,3,82,39,27,10,1,0,0.8571428,0.3571429,0.5,1.285714
30130,Female,2.064339,No,3,74,30,26,8,0,0,2.714286,2.714286,0,2.214286
30111,Female,4.125941,No,2,80,38,25,9,0,0,12,10.28572,1.714286,2.428571
30556,Female,3.203285,No,3,69,32,20,9,1,0,0.1428571,0.1428571,0,1.285714
30861,Male,2.836413,No,3,85,36,30,7,0,0,1.357143,1.357143,0,2.571429
30704,Male,2.78987,No,3,59,26,19,12,0,0,2,1.642857,0.3571429,1.428571
30232,Male,3.444216,No,3,83,38,28,11,0,0,2.142857,1.642857,0.5,1
30362,Male,2.28063,No,2,74,35,21,10,0,1,5.571428,5.571428,0,5.285714
30710,Male,2.85284,No,3,69,35,20,12,0,1,8.142858,7.428572,0.7142857,12
30392,Male,3.392197,No,3,80,38,27,11,1,0,0.7857143,0.6428572,0.1428571,2
30476,Male,2.20397,No,3,82,37,27,8,0,0,1.5,1.5,0,2.642857
30319,Male,3.989048,No,2,79,35,26,8,1,0,0.5,0.1428571,0.3571429,1.5
30905,Female,2.231348,No,2,66,33,20,13,0,1,2,1.5,0.5,3.285714
30683,Female,2.49692,No,2,78,35,25,8,0,1,4.571428,4.571428,0,8.214286
30596,Male,2.787132,No,3,73,34,23,10,0,1,1.214286,0.5714285,0.6428572,5.285714
30161,Male,3.756331,No,3,82,36,27,7,0,0,2.5,1.857143,0.6428572,2.571429
30290,Female,3.874059,No,3,82,39,26,9,0,0,2.5,2,0.5,2.285714
30108,Female,3.107461,No,3,76,37,25,12,0,0,2.5,2,0.5,0.6428572
30365,Male,4.104038,No,3,86,38,30,8,1,1,0,0,0,4
30300,Male,4.396988,Yes,2,85,38,28,7,0,0,2,2,0,2.571429
30350,Male,4.720055,No,3,65,30,20,13,0,1,2.285714,1.642857,0.6428572,4
30176,Female,2.425736,No,3,75,33,26,10,1,0,0,0,0,0.6428572
30654,Male,4.391513,No,2,86,38,30,8,1,0,0.5,0.3571429,0.1428571,2.571429
30791,Male,3.597536,No,2,75,34,25,10,0,0,8.285714,4.285714,4,2.857143
30592,Male,3.991786,No,2,78,32,28,8,0,0,2.285714,2.285714,0,2.928571
30613,Male,4.66256,No,3,83,36,30,9,0,0,1.142857,1,0.1428571,1.5
30382,Male,4.396988,No,3,83,35,30,8,0,1,3,1.642857,1.357143,3.571429
30859,Male,3.504449,No,3,77,34,26,9,0,1,2.357143,1.285714,1.071429,3.785714
30687,Female,3.534565,No,3,77,34,26,9,0,0,1.357143,1.357143,0,1.142857
30684,Male,4.391513,No,3,76,33,25,8,0,1,1.5,1.5,0,3
30431,Female,4.07666,No,2,76,36,25,11,0,1,3.642857,3.642857,0,5
300042,Female,4.112252,No,3,81,37,28,10,0,0,1.642857,1.142857,0.5,1.285714
30543,Male,2.365503,No,3,85,37,29,7,0,0,3.5,3,0.5,2.571429
30267,Female,3.994524,No,3,78,37,24,9,0,0,2,2,0,2.928571
30344,Female,4.197125,No,3,75,35,27,13,0,0,3.428571,2.428571,1,2.785714
30127,Male,2.49692,No,3,64,28,18,10,1,0,0.7142857,0.7142857,0,1.285714
30828,Male,3.890486,No,3,77,35,25,9,1,0,1,1,0,1
30760,Male,3.479808,No,3,75,34,25,10,1,0,1,1,0,1.5
30597,Female,3.359343,No,2,77,36,24,9,0,0,2.357143,1.357143,1,2.214286
30599,Male,2.743326,No,3,77,38,24,13,1,0,0.6428572,0.6428572,0,0.9285715
30642,Female,4.618754,No,3,75,37,21,9,0,0,1.857143,1.5,0.3571429,1.142857
30306,Female,4.479124,No,3,77,38,24,11,0,1,3.428571,2.714286,0.7142857,3.5
30288,Male,4.761123,No,2,80,37,25,10,0,0,2.357143,2.214286,0.1428571,1.928571
30661,Female,3.811088,No,2,74,36,22,10,0,1,4.428572,3.571429,0.8571428,6.142858
30182,Female,4.271047,No,3,79,33,28,8,0,0,1.285714,1.285714,0,2.785714
30845,Male,3.301848,No,2,80,38,25,9,0,0,1.571429,1.214286,0.3571429,2.857143
30511,Male,3.685147,No,3,82,39,26,9,0,0,1.5,1.5,0,2.285714
30367,Male,4.752909,No,3,83,39,26,8,1,1,0.8571428,0.8571428,0,3.785714
30168,Male,3.457906,No,3,71,31,24,12,1,1,0.6428572,0.5,0.1428571,3.214286
30862,Female,3.802875,No,3,72,35,25,14,0,0,1.928571,1.571429,0.3571429,1.642857
30131,Female,3.268994,No,3,72,37,22,13,0,1,2.357143,1.857143,0.5,3.285714
30109,Female,4.019165,No,2,85,39,29,9,0,0,4.214286,3.714286,0.5,1.642857
30520,Female,4.13963,No,3,84,38,29,9,0,1,10.85714,8.285714,2.571429,4.428572
30422,Female,3.140315,No,3,75,32,27,10,0,0,1.5,1,0.5,0.7142857
30697,Female,2.524298,No,3,74,33,25,10,1,0,0,0,0,0.3571429
30282,Male,4.219028,No,3,78,35,28,13,0,0,2.357143,1.857143,0.5,1.785714
30214,Male,2.833676,No,3,83,36,28,7,0,0,1.857143,1.357143,0.5,2.642857
30409,Male,4.167009,No,3,75,37,22,10,1,1,0,0,0,6
30608,Female,4.161533,Yes,3,80,36,29,11,0,0,1.642857,1.142857,0.5,2.428571
30080,Male,3.613963,Yes,3,72,33,22,9,0,0,2,2,0,2.571429
30007,Male,3.96167,No,3,75,38,23,14,0,0,4.142857,1.785714,2.357143,1
30287,Female,4.068446,No,3,71,35,21,11,1,0,1,0.5,0.5,1.928571
30871,Male,3.583847,No,3,80,37,28,11,0,1,1.5,1,0.5,3.142857
30221,Male,2.264203,No,3,65,26,21,8,1,0,0.8571428,0.8571428,0,2.285714
30519,Male,4.262834,No,3,63,28,19,10,0,0,1.142857,1.142857,0,2.785714
30412,Female,3.252567,No,3,80,37,29,14,0,0,1.785714,1.785714,0,1.428571
30369,Male,4.098563,No,2,84,37,28,7,0,0,4.714286,3.571429,1.142857,2.285714
30405,Female,3.854894,No,3,72,35,22,15,0,0,2,2,0,2.428571
30916,Female,2.072553,No,2,85,38,29,8,1,0,0.6428572,0.6428572,0,0.6428572
30245,Male,2.962355,No,2,63,30,18,11,0,1,2.5,2.5,0,5
30446,Female,3.794661,No,1,77,38,25,12,0,1,2,1,1,3.285714
30506,Male,3.986311,No,3,79,37,26,10,0,0,3,3,0,2.071429
30294,Female,3.633128,No,3,73,36,22,11,1,0,0.2857143,0.2857143,0,2.428571
30142,Male,3.15948,No,3,74,35,23,10,0,0,2.785714,2.285714,0.5,1.642857
30137,Female,2.078029,No,3,73,29,26,8,0,0,4.142857,2.071429,2.071429,2.785714
30175,Male,4.191649,No,3,76,34,27,11,0,1,1.142857,1,0.1428571,3.142857
30153,Male,3.991786,No,2,71,34,25,14,0,1,2.5,2.357143,0.1428571,3.785714
30125,Male,4.125941,No,3,82,35,29,8,0,0,1.428571,1.285714,0.1428571,1.571429
30070,Male,2.830938,No,2,81,37,27,9,0,0,1.642857,1,0.6428572,2.214286
30842,Male,2.609172,No,3,77,35,26,10,1,1,0.6428572,0.5,0.1428571,3.285714
300029,Female,3.367557,Yes,3,80,37,27,10,0,0,2.5,2,0.5,1.928571
30851,Male,3.039014,No,3,67,33,18,10,0,1,3.571429,2.571429,1,3.285714
30569,Female,3.151266,No,3,85,38,29,8,0,0,2.571429,2.571429,0,2.642857
30133,Female,3.88501,No,3,83,37,29,9,1,0,1,1,0,2.285714
30873,Male,4.021903,No,2,69,31,23,11,0,0,1.357143,1.214286,0.1428571,2
30646,Male,3.956194,No,2,77,31,29,9,0,1,3.785714,3.428571,0.3571429,10.57143
30253,Male,5.062286,No,3,77,35,25,9,0,0,2.142857,1.142857,1,2.857143
30150,Male,2.759754,No,3,70,32,22,10,1,1,0.6428572,0.5,0.1428571,4.928572
30637,Female,2.863792,No,3,68,34,20,12,0,0,1.285714,1.142857,0.1428571,2.928571
30353,Female,4.010952,No,3,77,36,24,9,1,0,0.5,0,0.5,1
30217,Female,3.195072,No,2,83,39,28,10,0,1,2.785714,2.428571,0.3571429,8.857143
30332,Male,4.312115,No,3,73,37,23,13,0,0,2.5,2.142857,0.3571429,1.214286
30933,Male,2.524298,No,3,77,34,27,10,0,1,1.357143,0.8571428,0.5,5
30714,Male,2.502396,No,3,73,34,21,8,1,1,0,0,0,3
30624,Female,4.533881,No,2,82,37,28,9,0,0,2.5,2,0.5,2.928571
30926,Female,3.613963,No,3,78,38,25,11,0,1,4.428572,4.428572,0,4.142857
30534,Female,2.321697,No,3,68,32,20,10,0,1,8,6.285714,1.714286,6.857142
30123,Female,4.068446,No,3,78,36,27,11,0,0,1.142857,1.142857,0,2.285714
30373,Female,2.004107,No,3,76,32,25,7,1,1,0.6428572,0.6428572,0,4
30826,Male,4.429842,Yes,3,58,24,16,10,0,0,1.214286,0.7142857,0.5,0.6428572
30725,Male,3.427789,No,3,76,35,25,12,0,0,2.857143,2,0.8571428,1.5
30644,Male,4.963724,No,3,85,39,29,9,0,1,2.571429,1.714286,0.8571428,4.285714
30942,Female,2.773443,No,3,80,38,26,10,0,0,1.214286,0.7142857,0.5,0.7857143
30797,Female,4.030117,No,2,77,37,24,10,0,0,4.357142,2.857143,1.5,2.571429
30143,Male,4.131417,Yes,2,82,39,27,10,0,0,3.785714,2.785714,1,1.428571
30468,Male,4.224504,No,3,80,37,26,9,1,1,1,0.6428572,0.3571429,3.928571
30503,Female,5.456537,No,3,86,38,30,8,1,0,0.5714285,0.2857143,0.2857143,2.571429
30165,Male,5.196441,No,3,85,37,30,8,0,0,1.285714,0.6428572,0.6428572,2.571429
30247,Male,5.221081,Yes,3,82,39,28,11,0,0,1.071429,0.5,0.5714285,2.071429
30822,Male,3.671458,No,3,81,37,27,9,0,1,4.142857,3,1.142857,5
10958,Female,5.108829,No,3,86,39,30,9,0,0,1.428571,0.9285715,0.5,1.285714
30073,Male,5.021218,No,2,71,35,23,13,1,1,0.3571429,0,0.3571429,5
30280,Female,4.287474,No,3,81,38,28,11,1,0,0.8571428,0.3571429,0.5,1.714286
30126,Female,5.683778,Yes,3,76,38,25,13,0,0,1.714286,1.357143,0.3571429,2.928571
30240,Male,3.92334,No,3,74,33,23,8,0,1,1.785714,1.642857,0.1428571,3
30425,Female,4.791239,No,3,87,39,30,8,0,0,1.5,1.5,0,1.428571
30354,Female,4.380561,No,3,85,36,30,7,1,0,0.5,0.5,0,2.571429
30420,Male,4.99384,Yes,3,63,23,22,8,0,0,2.285714,1.571429,0.7142857,1.285714
30414,Female,3.906913,No,3,78,38,24,10,0,0,1.5,1.5,0,2.857143
30248,Female,4.873374,No,3,81,37,27,9,0,0,2.571429,1.285714,1.285714,2.285714
30538,Male,4.128679,No,3,77,34,24,7,1,1,0.7142857,0.3571429,0.3571429,5
30570,Male,4.991102,No,3,84,36,29,7,0,0,1.857143,1.571429,0.2857143,1.928571
30268,Male,5.711157,No,3,82,39,27,10,0,1,2.285714,1.642857,0.6428572,3.785714
30211,Male,4.167009,Yes,3,58,23,20,11,0,1,1.642857,1.142857,0.5,4.142857
30065,Female,4.320329,No,2,81,33,30,8,0,1,1.785714,0.5,1.285714,3.5
30685,Female,4.5859,No,2,86,39,29,8,1,1,0.7857143,0.2857143,0.5,4.571428
30363,Male,4.643395,No,3,66,32,20,12,0,1,3,1.5,1.5,4
30587,Male,4.780287,No,3,81,39,27,11,0,1,1.642857,1.142857,0.5,6.142858
30746,Female,3.137577,No,3,65,29,22,12,0,0,1.142857,1.142857,0,2.571429
10957,Male,4.826831,No,3,76,37,25,12,0,1,2.642857,2,0.6428572,3.571429
30460,Male,5.218344,No,3,83,39,27,9,0,1,1.714286,1.714286,0,6
30078,Female,4.599589,No,3,68,37,19,14,0,0,2.357143,1,1.357143,2.714286
30448,Female,3.942505,No,3,83,36,30,9,1,0,0.2857143,0.1428571,0.1428571,2.785714
30301,Female,2.819986,No,3,76,36,24,10,0,1,1.071429,0.7142857,0.3571429,4.571428
30528,Female,4.670774,No,3,87,39,30,8,0,1,5,4.142857,0.8571428,10.64286
30358,Male,2.176591,No,3,68,33,22,13,0,1,4.857142,2.285714,2.571429,10.85714
300022,Female,2.570842,No,3,67,32,22,13,1,0,0.8571428,0.3571429,0.5,1.142857
30753,Male,4.555784,No,3,78,38,24,10,0,0,2,1.5,0.5,2.5
30252,Male,3.723477,No,2,76,34,23,7,1,0,0.7857143,0.6428572,0.1428571,2.428571
30426,Male,3.865845,No,2,73,32,26,11,0,0,2.071429,1.428571,0.6428572,1.928571
30440,Female,3.468857,No,3,71,33,22,10,1,0,0.5,0.5,0,1
30204,Female,3.704312,No,3,64,31,21,14,0,0,3.357143,2.071429,1.285714,2.214286
30100,Male,4.353183,No,3,72,32,25,11,0,0,1.357143,0.5,0.8571428,2.357143
30188,Female,2.151951,No,3,77,31,27,7,1,1,0.5,0.5,0,3.285714
30649,Female,4.156057,No,3,88,39,30,7,0,1,1.642857,1.142857,0.5,3.142857
30146,Male,3.950719,No,3,84,37,29,8,0,0,1.642857,1.642857,0,2.642857
30457,Female,4.577686,No,3,81,37,26,8,0,0,1.142857,1.142857,0,2.285714
30858,Female,2.778919,Yes,3,82,39,25,8,0,1,2.714286,2.714286,0,3.857143
30243,Female,3.425051,No,2,81,39,24,8,0,0,1.642857,1.142857,0.5,1.5
30310,Male,3.59206,No,3,77,35,26,10,0,0,4.142857,3,1.142857,2
30870,Female,3.895962,No,3,75,37,26,16,1,1,1,1,0,3
30755,Male,5.103354,No,3,81,35,28,8,0,0,2.357143,1.357143,1,1
30275,Male,3.296372,No,3,64,28,21,11,1,0,1,0.5,0.5,1.357143
30703,Female,3.82204,No,3,74,37,20,9,1,1,0.2857143,0.1428571,0.1428571,5
30541,Male,4.303902,No,3,69,34,22,13,0,0,3.857143,1.857143,2,1
30846,Female,4.651608,No,3,71,34,22,13,0,0,1.714286,1.714286,0,2
30115,Female,2.934976,No,3,79,36,25,8,1,0,1,1,0,1
30727,Male,3.219712,No,2,73,34,24,11,0,1,1.5,0.5,1,4.428572
30633,Male,3.663244,No,3,78,36,24,8,1,0,0.7857143,0.6428572,0.1428571,2.928571
30629,Male,4.087611,No,3,80,37,26,11,0,0,1.857143,1.714286,0.1428571,2.285714
30790,Male,3.545517,No,2,76,38,22,10,0,1,1.5,1,0.5,4.285714
30325,Female,4.11499,No,3,78,35,25,10,0,0,1.642857,1.142857,0.5,2.642857
30802,Female,2.261465,No,2,74,34,23,9,1,0,0.5,0.5,0,2.285714
30818,Female,5.054072,No,3,81,38,28,11,0,0,1.428571,0.2857143,1.142857,2.571429
300050,Male,4.093087,No,3,79,34,28,9,1,0,0.7142857,0.7142857,0,1.285714
30761,Male,4.728268,Yes,2,84,39,27,8,0,1,2.571429,1.285714,1.285714,5.285714
30509,Male,4.498289,No,3,84,39,28,9,0,0,1.142857,1.142857,0,2.571429
30262,Female,5.486653,No,3,81,39,26,10,0,1,1.285714,1.142857,0.1428571,5.142858
30620,Male,5.749486,No,3,81,39,27,11,1,1,0.9285715,0.9285715,0,3.571429
30128,Male,5.347023,No,3,83,37,29,9,0,1,1.928571,1.571429,0.3571429,4.642858
30762,Female,4.235455,No,3,72,30,27,11,0,1,2.857143,2.214286,0.6428572,5
30505,Male,4.016427,No,3,80,38,23,9,0,0,1.285714,1.142857,0.1428571,1.142857
30688,Female,3.373032,No,3,83,39,28,10,0,1,8.285714,4.142857,4.142857,12
30210,Male,4.903491,Yes,2,55,23,18,12,0,0,6.285714,6.285714,0,2.571429
30745,Female,4.15332,No,2,73,36,21,12,0,0,1.214286,0.8571428,0.3571429,2.571429
30151,Male,4.925394,No,2,84,39,29,10,1,1,0.1428571,0.1428571,0,4.285714
30798,Male,4.339493,Yes,3,77,36,24,9,0,0,1.928571,1.428571,0.5,1.357143
30229,Male,5.14716,No,2,73,35,22,10,0,0,3.214286,2.714286,0.5,2.785714
300024,Male,2.877481,No,3,78,37,26,11,0,0,2.285714,2.142857,0.1428571,1.142857
30673,Male,5.744011,No,3,78,38,25,13,1,1,0.6428572,0.6428572,0,3.714286
30187,Male,4.082136,No,2,67,29,22,10,0,1,5.142858,4.357142,0.7857143,3.142857
30513,Male,3.893224,Yes,2,80,38,25,9,0,1,1.785714,1.285714,0.5,5.285714
30630,Male,4.991102,No,3,77,35,26,10,0,1,2,2,0,4.142857
30879,Female,3.408624,No,1,78,39,23,10,0,0,1.857143,1.357143,0.5,1.785714
30877,Male,4.741958,No,3,75,31,27,9,0,1,1.714286,1.714286,0,5
30550,Female,4.673512,No,3,82,37,30,11,0,0,2,1.5,0.5,1.285714
30619,Female,4.555784,No,2,84,37,30,9,1,0,1,0.3571429,0.6428572,1.642857
30106,Male,5.114305,No,2,84,39,30,11,0,1,3,2.5,0.5,5
30573,Female,5.117043,Yes,3,78,36,26,10,0,0,2.5,2.142857,0.3571429,1.285714
30236,Male,5.182752,Yes,3,77,30,29,8,0,0,2.142857,1.642857,0.5,0.6428572
30407,Female,4.131417,No,3,81,39,26,10,1,0,0.5714285,0.4285714,0.1428571,2.571429
30626,Male,3.167693,No,3,62,28,20,12,1,0,0.6428572,0.6428572,0,2.285714
30375,Female,5.273101,No,2,83,39,28,10,0,0,2,1,1,2.571429
30401,Male,4.281999,No,3,76,35,26,11,1,0,0.5,0.5,0,1.642857
30122,Male,4.813142,Yes,3,72,33,22,9,0,0,2.714286,1,1.714286,1.714286
30773,Female,4.99384,No,1,69,31,21,9,0,1,4.357142,3.857143,0.5,3.285714
30349,Female,4.77755,No,3,83,38,30,11,0,0,2.142857,2,0.1428571,2.571429
30274,Male,5.152635,No,3,78,36,28,12,0,0,5.142858,2.857143,2.285714,1.142857
30156,Male,5.196441,No,3,64,27,23,12,0,0,3.142857,3,0.1428571,1.285714
30477,Male,5.341547,No,3,83,37,29,9,0,0,2.142857,0.6428572,1.5,2
30250,Female,4.714579,No,3,81,34,29,8,1,0,0.7857143,0.6428572,0.1428571,1.928571
30238,Male,4.490075,No,3,55,31,13,15,1,0,0,0,0,1.142857
30923,Male,5.108829,No,3,75,35,25,11,0,0,1.571429,1.071429,0.5,1.785714
30246,Male,5.69473,No,3,76,37,26,13,1,0,0.8571428,0.3571429,0.5,0.9285715
30937,Female,3.994524,No,3,75,32,27,10,0,1,1.571429,1.428571,0.1428571,3.571429
30145,Female,3.712526,No,3,76,38,22,10,0,0,2.785714,2.285714,0.5,2.428571
30595,Female,5.174538,No,2,82,37,29,10,0,0,1.142857,1,0.1428571,2.428571
30326,Male,4.933607,No,3,80,37,28,11,0,0,2,2,0,2.142857
30381,Male,5.188227,No,3,85,38,30,9,0,0,5.285714,4,1.285714,1.785714
30795,Male,3.690623,Yes,3,76,31,28,9,1,1,0.7142857,0,0.7142857,10.28572
30293,Female,4.889802,No,2,77,37,25,11,0,0,1.142857,0.6428572,0.5,2.571429
30479,Female,5.100616,No,3,87,38,30,7,0,0,2.285714,1.785714,0.5,2
30104,Female,4.887064,No,3,78,36,27,11,0,0,2.357143,1.857143,0.5,2.285714
30546,Male,4.657084,No,3,83,39,28,10,0,1,1.285714,1,0.2857143,3
30465,Female,5.086927,No,2,86,38,29,7,0,1,3.428571,1.714286,1.714286,4.285714
30001,Male,5.158111,No,3,78,36,27,11,0,1,2.285714,1,1.285714,5.857142
30489,Male,5.023956,No,2,82,38,28,10,1,1,0.1428571,0.1428571,0,3.357143
30436,Female,2.26694,No,3,79,39,24,10,0,1,6.142858,4.428572,1.714286,10
300039,Female,3.449692,No,3,81,36,29,10,1,0,0.9285715,0.9285715,0,0.6428572
30581,Female,5.341547,No,3,86,39,29,8,0,0,2,2,0,2.214286
30682,Female,2.798084,No,2,78,33,27,8,1,1,0.1428571,0,0.1428571,10.85714
30486,Female,3.244353,No,3,67,31,20,10,0,0,1.285714,1.142857,0.1428571,2.071429
30671,Male,4.544832,Yes,3,77,37,25,11,0,0,3.357143,1.857143,1.5,2.285714
30756,Male,4.511978,No,3,83,36,30,9,1,0,0.3571429,0.3571429,0,2.785714
30212,Female,3.263518,No,3,81,38,26,9,0,1,1.357143,0.5,0.8571428,5.285714
30678,Male,3.455168,Yes,1,48,23,12,15,0,1,4,1.285714,2.714286,3.571429
30069,Female,3.033539,No,3,77,38,26,13,0,0,2.857143,1.714286,1.142857,2.785714
30387,Male,2.064339,No,3,79,39,23,9,1,1,0.5,0.5,0,3.857143
30545,Female,2.324435,No,2,62,28,19,11,1,0,1,1,0,1.642857
30171,Female,4.013689,No,3,73,32,23,8,1,1,0.1428571,0.1428571,0,4.571428
30951,Male,4.030117,No,3,78,34,28,10,0,0,1.642857,0.1428571,1.5,1.785714
30411,Female,4.689939,No,3,77,33,27,9,1,0,0,0,0,2.357143
30526,Male,4.572211,No,3,74,33,29,14,0,1,1.642857,1.142857,0.5,3.571429
30364,Male,5.366188,Yes,3,64,31,16,9,0,1,4.214286,3.357143,0.8571428,5.285714
30496,Male,4.210814,No,1,82,39,27,10,0,0,3.214286,1.285714,1.928571,2.571429
30946,Female,3.679672,No,3,77,38,24,11,0,0,2.785714,2.285714,0.5,2.857143
30464,Female,3.964408,No,3,80,35,28,9,1,0,0.3571429,0.3571429,0,2.571429
30950,Female,2.370979,No,3,69,30,26,13,0,0,1.857143,1.357143,0.5,2
30610,Female,3.88501,No,2,76,36,25,11,0,0,2.071429,1.428571,0.6428572,2.285714
300013,Female,3.835729,No,3,76,32,25,7,0,1,8.785715,8.285714,0.5,5
30739,Female,4.024641,No,3,81,39,27,11,0,1,1.142857,0.6428572,0.5,5.142858
30254,Male,3.383984,No,3,73,37,24,14,1,1,0.6428572,0.6428572,0,3.571429
30651,Female,4.013689,No,3,73,37,23,13,0,1,1.714286,1.214286,0.5,4
300043,Male,4.224504,No,3,66,27,22,9,0,0,1.5,1.214286,0.2857143,2.642857
30345,Male,4.43258,No,3,63,30,22,15,0,0,1.428571,1.285714,0.1428571,2.285714
30838,Male,2.527036,No,3,72,29,26,9,1,0,1,1,0,2.571429
30242,Male,4.714579,No,2,82,38,29,11,0,0,3.142857,3.142857,0,1.5
30490,Male,3.874059,No,3,81,38,28,11,0,1,2.285714,1.285714,1,4.285714
30241,Male,5.760438,No,3,86,39,29,8,1,0,0.3571429,0.3571429,0,2.571429
30134,Male,2.543463,No,3,71,35,21,11,1,0,0.5,0.5,0,1.285714
30159,Female,4.29295,No,3,83,38,27,8,0,0,1.285714,0.6428572,0.6428572,1.642857
30008,Male,4.123203,No,3,83,37,27,7,0,1,8.571428,8.571428,0,3.928571
30428,Male,4.377823,No,2,69,34,20,11,0,0,3.571429,2.714286,0.8571428,2.285714
30475,Female,2.85284,No,3,77,34,25,8,0,1,1.857143,1.357143,0.5,4.285714
30864,Male,4.019165,No,2,84,39,27,8,0,1,1.928571,0.6428572,1.285714,3.571429
30278,Male,3.227926,No,3,75,35,24,10,0,0,1.285714,1.285714,0,1.928571
30222,Male,2.757016,No,3,78,37,23,10,0,1,2,1.5,0.5,3.5
30948,Male,2.30527,No,3,72,33,23,10,1,0,0,0,0,2.285714
30258,Female,2.707734,No,3,79,36,27,10,0,0,2,1,1,2.285714
30736,Male,4.339493,Yes,2,61,25,19,9,0,1,2.285714,1.642857,0.6428572,3.285714
30444,Male,3.282683,No,3,71,36,20,11,0,1,1.642857,1.142857,0.5,4
30169,Female,2.976044,No,3,69,36,19,12,0,1,1.5,1.357143,0.1428571,3.285714
30932,Female,4.503765,Yes,1,72,32,23,9,0,0,4,2.5,1.5,1.428571
30281,Male,4.29295,No,3,74,38,20,12,0,0,3.142857,2.142857,1,0.7857143
30312,Female,2.069815,No,3,73,34,23,10,1,0,1,0,1,2.285714
30632,Male,2.814511,No,3,78,37,25,10,0,1,2.928571,2.285714,0.6428572,4.714286
30272,Female,5.357974,No,2,70,31,25,12,0,1,3.285714,2.285714,1,4.5
30501,Female,3.578371,No,3,83,38,29,10,0,1,2.642857,2.642857,0,3.428571
30264,Female,3.5154,No,3,79,38,24,9,1,0,0.6428572,0,0.6428572,2
30456,Male,5.549623,No,3,72,38,23,15,0,1,1.428571,1.071429,0.3571429,4.571428
30601,Male,4.856947,No,3,78,36,27,11,0,1,4,4,0,5.285714
30770,Female,4.40794,No,3,82,39,26,9,0,0,1.928571,1.285714,0.6428572,2.5
30263,Female,4.301164,No,3,64,32,18,12,0,0,3.642857,2.642857,1,1
30594,Female,4.032854,No,3,83,37,29,9,0,0,1.142857,1.142857,0,2.285714
30598,Female,4.692676,No,3,81,37,29,15,0,0,2.071429,1.928571,0.1428571,1.785714
30335,Male,3.874059,No,3,67,29,23,13,0,0,2,2,0,1.785714
30874,Male,4.317591,Yes,3,59,27,17,13,0,0,1.785714,1.785714,0,2.714286
30605,Male,3.956194,No,3,77,38,23,10,0,0,4,2,2,2.571429
30308,Male,3.816564,Yes,3,78,37,25,10,0,1,1.785714,1.285714,0.5,4.571428
30824,Male,3.496235,No,3,85,39,29,9,1,1,0.6428572,0.6428572,0,4.214286
30767,Female,4.889802,Yes,3,67,33,21,13,0,0,2.642857,1.642857,1,2
30934,Male,3.041752,No,3,74,39,20,13,0,1,2,2,0,3.928571
30206,Female,2.861054,No,2,69,35,21,15,0,0,1.142857,1,0.1428571,2.928571
30565,Male,5.297741,No,3,68,28,24,10,0,0,2.571429,1,1.571429,1.785714
30089,Male,2.360027,Yes,3,70,33,22,11,0,1,1.214286,1.214286,0,7.714286
30559,Female,4.5859,No,2,77,38,24,11,0,0,1.928571,1.428571,0.5,0.6428572
300038,Male,3.27447,No,3,67,32,21,14,0,0,3,2.5,0.5,2.642857
30778,Female,2.521561,No,3,80,36,27,9,1,0,1,1,0,2.285714
30155,Male,4.435318,No,3,77,36,28,13,0,0,1.142857,1.142857,0,2
30202,Female,4.435318,No,3,70,31,23,10,1,0,0.7857143,0.7857143,0,1.142857
30604,Female,2.214921,No,3,77,36,25,10,1,0,1,1,0,1
30552,Male,3.200547,Yes,3,62,24,21,9,0,0,1.142857,0.5,0.6428572,0.5
300055,Female,2.59822,No,3,83,38,28,9,1,0,1,0.5,0.5,1
30722,Male,3.173169,No,3,69,32,22,11,0,0,8,4,4,1.714286
30059,Female,5.125257,No,3,84,37,29,8,1,1,0.6428572,0.6428572,0,3.571429
30832,Female,2.702259,No,3,77,33,27,9,1,0,0.8571428,0.8571428,0,1.5
30286,Female,5.158111,Yes,3,84,39,29,10,0,0,1.428571,1.285714,0.1428571,1.5
30173,Female,4.251882,No,2,73,34,23,12,0,0,3.428571,3.285714,0.1428571,2.142857
30378,Female,4.287474,No,3,77,36,26,11,1,1,1,1,0,4.571428
30647,Male,4.772074,No,3,78,37,27,12,0,0,3.285714,2,1.285714,1
30793,Male,2.225873,No,2,72,36,19,11,0,0,2.285714,1.642857,0.6428572,1.785714
30458,Female,2.71321,No,2,61,29,17,11,0,1,5.857142,4.142857,1.714286,5.285714
30908,Female,4.005476,No,3,81,36,29,10,0,0,2.5,2.5,0,1
30178,Female,2.455852,No,3,76,37,24,11,1,1,0,0,0,3
30576,Female,3.734428,No,3,81,39,28,12,1,0,0.5,0.3571429,0.1428571,1.642857
30947,Male,4.52293,No,2,81,38,29,12,0,1,3.142857,3,0.1428571,3.428571
30652,Female,4.887064,No,2,70,30,26,12,0,1,2.785714,2.285714,0.5,4.571428
30473,Male,3.96167,No,3,73,34,23,10,1,0,1,0.5,0.5,2.285714
30732,Male,4.971937,No,2,78,37,25,10,1,1,0.6428572,0.6428572,0,4.142857
30929,Female,3.624914,No,3,73,36,20,9,0,0,2,1.5,0.5,1.5
30266,Female,3.156742,No,3,75,36,27,14,0,0,1.5,1,0.5,1.857143
30591,Female,4.312115,No,3,72,36,22,12,1,1,0.6428572,0.6428572,0,4.571428
30786,Male,3.619439,No,3,77,35,27,11,0,0,1.142857,0.5,0.6428572,2
300051,Female,4.761123,No,3,58,25,22,15,0,0,2.214286,1.714286,0.5,2.285714
30614,Male,3.865845,No,3,76,36,26,12,0,0,1.5,0.9285715,0.5714285,2
30911,Female,4.985626,Yes,3,78,38,26,12,0,1,2.928571,2.928571,0,3.714286
30233,Female,4.720055,No,3,85,39,29,9,0,0,2.142857,1.5,0.6428572,2
30099,Male,2.398357,No,3,76,31,27,8,1,0,0.1428571,0,0.1428571,2.285714
30536,Male,4.829569,No,3,80,37,27,10,0,1,2.571429,1.642857,0.9285715,6.285714
30945,Female,3.392197,No,2,84,39,28,9,0,1,2,1.857143,0.1428571,4.571428
30469,Female,4.405202,No,3,80,34,30,10,1,1,0.7857143,0.7857143,0,3.928571
30667,Female,3.794661,No,2,74,35,26,13,1,0,0,0,0,0.9285715
30952,Female,4.826831,Yes,3,76,38,25,13,0,1,3.928571,3.357143,0.5714285,5.5
30009,Male,3.397673,Yes,3,79,39,24,10,0,0,1.357143,1,0.3571429,1.357143
30949,Male,4.082136,No,3,69,35,21,13,0,1,2.071429,1.428571,0.6428572,5
300020,Male,4.024641,No,3,83,39,27,11,0,0,1.142857,0.6428572,0.5,1.928571
30451,Male,4.561259,No,3,78,37,25,10,0,1,1.928571,1.785714,0.1428571,4.428572
30829,Female,3.660506,No,3,81,38,26,9,0,0,1.142857,0.6428572,0.5,2.285714
300049,Female,3.926078,No,3,84,39,29,10,0,1,2,2,0,3
30582,Male,4.396988,No,3,85,37,30,8,0,1,2.285714,1.285714,1,3.857143
30209,Male,2.819986,Yes,3,75,34,23,8,1,0,0.9285715,0.7857143,0.1428571,1.785714
300035,Male,3.989048,No,1,72,35,23,12,0,0,1.642857,0.6428572,1,2.5
30603,Male,4.780287,No,3,81,39,29,13,0,0,2,2,0,2.357143
300019,Male,4.558522,No,3,79,36,27,10,0,1,1.285714,1.142857,0.1428571,3.428571
30847,Female,4.826831,Yes,2,77,34,26,9,0,1,2.714286,2.571429,0.1428571,4
30857,Male,3.022587,No,3,85,38,30,9,1,0,1,1,0,1.642857
30311,Female,3.362081,No,3,80,37,26,9,0,1,2.285714,2,0.2857143,3
30904,Female,4.572211,No,3,84,37,29,8,0,1,2.285714,2,0.2857143,3
30713,Male,2.316222,No,2,82,39,29,12,1,1,0.6428572,0.6428572,0,5
30269,Male,2.379192,Yes,2,70,33,20,9,0,0,2.714286,2.071429,0.6428572,2.785714
30433,Male,2.099931,No,3,69,33,23,13,0,1,1.214286,1.214286,0,4.714286
300045,Male,2.488706,No,3,78,35,25,8,1,0,0.7857143,0.5,0.2857143,2.285714
300053,Male,3.868583,No,3,62,36,15,15,0,0,5.428572,4.571428,0.8571428,1.714286
30852,Female,4.388775,No,3,80,37,27,10,1,1,0,0,0,4.285714
300041,Male,3.433265,No,3,80,39,26,11,1,0,0.7857143,0.6428572,0.1428571,2.928571
30334,Male,4.922656,No,3,82,39,28,11,0,1,7.285714,6.785714,0.5,10.85714
30257,Male,5.661875,No,2,85,39,29,9,0,1,6.571428,3.285714,3.285714,6
30255,Male,3.59206,No,2,78,37,24,11,1,0,0,0,0,2.5
30481,Female,3.028063,No,3,81,39,26,10,1,1,0.6428572,0.6428572,0,3.142857
30110,Female,4.388775,No,2,81,36,28,9,0,1,2.5,2,0.5,4.142857
30502,Female,5.431896,No,2,61,28,18,11,0,1,12,11.42857,1,7.428572
30499,Female,4.974675,Yes,2,74,35,23,10,0,1,3.214286,2.857143,0.3571429,3
30886,Male,2.609172,No,2,76,35,24,9,1,1,0.5,0.5,0,3.5
300016,Male,3.600274,No,3,72,37,20,11,1,1,1,1,0,4.428572
30805,Male,3.811088,Yes,2,88,39,30,7,1,1,0.8571428,0.5714285,0.2857143,9.428572
30577,Female,3.622177,Yes,1,80,36,27,9,0,0,3,2.5,0.5,2.785714
30421,Male,2.499658,Yes,2,69,32,21,10,0,1,1.142857,0.6428572,0.5,3.285714
30689,Female,4.11499,No,3,77,38,26,15,0,0,1.142857,1,0.1428571,1.857143
30560,Female,4.52293,No,3,75,36,23,10,0,0,1.142857,1,0.1428571,2
30730,Female,2.223135,No,3,84,39,28,9,1,1,0,0,0,10.85714
30158,Female,3.712526,No,2,79,37,26,12,0,1,1.642857,1.142857,0.5,3.071429
30121,Male,3.789186,No,2,75,34,26,11,0,0,3.285714,2.357143,0.9285715,1.5
30792,Female,3.022587,No,3,80,35,30,11,0,0,1.285714,1.285714,0,2.642857
30580,Male,4.405202,No,3,76,35,26,11,1,1,0.9285715,0.9285715,0,3
30340,Female,3.444216,No,3,74,36,24,12,0,1,5.357142,4.857142,0.5,4.571428
30441,Male,3.772758,No,3,84,39,29,10,0,0,1.642857,1.642857,0,2.571429
30765,Female,4.125941,No,3,74,35,23,10,0,1,3.285714,2.142857,1.142857,5.714286
30589,Male,5.065024,No,3,88,39,30,7,0,0,1.142857,1,0.1428571,2.928571
30352,Male,3.564682,No,3,85,39,28,8,1,1,0.7857143,0.7857143,0,4.571428
30413,Male,3.493498,No,3,75,35,25,11,1,1,0.1428571,0.1428571,0,3.142857
30887,Female,2.948665,No,2,80,35,26,7,0,0,2.285714,1.785714,0.5,1.142857
30419,Male,4.550308,No,3,82,37,28,9,0,0,3,1.714286,1.285714,1.714286
30849,Female,4.637919,No,2,72,35,24,13,1,1,0.4285714,0.4285714,0,4.428572
30410,Male,2.888433,No,1,80,37,26,9,0,0,1.928571,1.285714,0.6428572,2.642857
30868,Male,2.822724,No,1,78,37,27,12,0,0,4.5,3.5,1,0.6428572
30815,Male,4.169747,No,3,82,39,29,12,0,0,2.285714,2.285714,0,2.142857
300037,Female,2.258727,No,3,68,31,20,9,1,0,0.5,0,0.5,1.642857
30622,Female,2.121834,No,3,60,27,19,12,1,0,1,0.5,0.5,1.714286
30844,Female,3.972621,No,3,85,39,30,10,0,0,1.928571,0.9285715,1,2.142857
30779,Male,4.39425,No,3,77,37,24,10,0,1,1.642857,1.642857,0,4
30328,Male,3.655031,No,3,74,35,22,9,0,0,1.285714,1.285714,0,2
30669,Male,4.542094,No,3,76,38,22,12,0,0,1.428571,1.285714,0.1428571,2.785714
30313,Female,3.195072,Yes,3,72,33,24,11,0,0,1.714286,1.714286,0,2.285714
30535,Male,4.514716,No,3,82,39,26,9,1,0,0.7857143,0.4285714,0.3571429,1
30895,Male,4.243669,Yes,3,72,33,23,10,0,1,2.071429,1.142857,0.9285715,3
30840,Female,3.882272,No,3,82,37,29,10,1,0,0.2857143,0.1428571,0.1428571,1.785714
30917,Female,3.118412,No,3,84,37,30,9,1,0,0.8571428,0.5,0.3571429,2
300025,Female,4.77755,No,3,78,37,28,13,0,1,1.142857,1.142857,0,3
30498,Female,4.454483,No,2,79,39,25,11,0,0,1.428571,1.285714,0.1428571,2.428571
30563,Female,2.787132,No,3,71,35,20,10,1,1,1,1,0,3.428571
30867,Male,2.672142,No,2,66,30,21,11,0,0,1.5,1.5,0,1.857143
30380,Male,4.599589,No,2,70,36,23,17,0,0,3.571429,2.285714,1.285714,2.571429
30531,Male,5.305955,No,3,84,38,30,10,1,0,0.9285715,0.7857143,0.1428571,2.928571
30664,Female,5.724846,No,3,84,37,29,8,0,1,1.428571,1.285714,0.1428571,3.214286
30943,Male,2.995209,No,2,83,38,30,13,1,0,1,0,1,2.285714
30402,Male,5.355236,Yes,3,64,31,20,15,1,1,1,1,0,3.285714
30251,Male,4.265572,No,3,80,37,25,8,0,0,3.214286,2.571429,0.6428572,2.285714
30853,Female,4.665298,No,3,82,35,29,8,1,0,0.1428571,0,0.1428571,1.357143
30355,Male,3.449692,No,3,80,39,26,11,0,0,1.785714,1.285714,0.5,2
30504,Male,2.551677,No,3,71,34,22,11,0,1,2.5,1,1.5,6.285714
30234,Female,4.243669,No,3,72,37,21,12,0,1,2.142857,1.5,0.6428572,3
30492,Female,2.913073,No,2,80,39,25,10,1,1,0.5,0.5,0,4.285714
30346,Female,4.235455,No,3,81,38,27,10,0,0,2.142857,1.642857,0.5,2.714286
30261,Male,4.703628,No,2,76,35,27,14,0,1,1.857143,0.9285715,0.9285715,5
30307,Male,4.186174,No,3,78,35,28,11,0,0,1.785714,1,0.7857143,1.857143
30650,Female,4.427105,No,2,74,38,23,13,0,0,2,1.5,0.5,1.5
30551,Male,5.626283,No,2,84,39,30,11,0,1,1.785714,1.142857,0.6428572,4.142857
30284,Female,3.813826,No,2,72,36,22,12,0,1,1.428571,1.428571,0,3.285714
30585,Male,2.765229,No,3,78,37,27,12,0,0,1.928571,1.785714,0.1428571,2.285714
30616,Female,3.559206,No,2,76,38,22,10,1,0,0.9285715,0.9285715,0,1.714286
30593,Male,5.500342,No,3,80,38,23,7,0,1,2.642857,1.285714,1.357143,4
30787,Female,2.491444,No,3,75,31,27,9,1,1,0.5,0.5,0,4.428572
30417,Male,3.953457,No,3,85,38,29,8,0,0,1.785714,1,0.7857143,1.857143
30801,Female,4.692676,No,2,82,37,30,11,0,0,2.142857,1.785714,0.3571429,2.714286
30170,Female,4.865161,No,1,80,36,27,9,0,0,3.5,3.142857,0.3571429,1.928571
30784,Female,2.507871,No,2,77,33,26,8,0,0,1.928571,1.928571,0,1.214286
30450,Male,5.46475,No,3,75,34,22,7,1,1,0,0,0,6.571428
30808,Female,4.199863,No,3,86,38,30,8,1,1,0.5,0.5,0,3.928571
30239,Male,4.246407,No,3,75,36,23,10,0,0,1.285714,0.6428572,0.6428572,2.285714
30835,Female,3.816564,No,3,82,39,27,10,1,1,0,0,0,3.571429
30774,Female,3.340178,No,3,81,37,29,11,0,0,2.071429,1.571429,0.5,2.214286
30399,Female,5.593429,No,2,84,38,30,10,1,1,0.7857143,0.2857143,0.5,8.142858
30717,Male,4.780287,No,3,76,35,23,10,0,0,2.285714,1.642857,0.6428572,2.214286
30809,Female,4.577686,No,3,70,33,21,10,0,0,2.428571,2.428571,0,2
30579,Male,4.290212,No,2,78,37,26,11,1,1,0.9285715,0.2857143,0.6428572,9
30516,Male,5.119781,No,3,86,39,29,8,0,1,6.928572,1.928571,5,5.714286
30807,Male,4.692676,No,2,72,33,25,12,0,1,1.714286,1.214286,0.5,3.714286
30149,Male,4.761123,No,3,70,34,21,11,0,0,2.142857,1.642857,0.5,1.357143
30216,Female,3.498973,No,2,81,38,27,10,0,1,6.571428,3.785714,2.785714,4.428572
30295,Male,4.99384,Yes,2,75,30,27,8,0,1,2,1.357143,0.6428572,3.642857
30521,Female,3.682409,No,3,77,35,25,9,0,1,8.214286,3.214286,5,4.714286
30712,Female,2.863792,No,2,77,35,25,9,0,0,1.785714,1.285714,0.5,1.785714
30273,Male,5.631759,No,3,74,36,26,14,0,1,1.785714,0.5,1.285714,3
30814,Female,4.731006,No,3,81,32,30,7,0,1,2.928571,1.642857,1.285714,5.428572
30939,Female,3.701574,No,3,74,36,22,10,0,1,2.142857,2,0.1428571,3.714286
30006,Female,2.078029,No,3,68,34,23,15,0,0,1.785714,1.142857,0.6428572,1.214286
300010,Female,5.117043,No,3,76,37,27,14,0,1,1.642857,1.142857,0.5,3.357143
30782,Male,4.563997,No,2,85,38,30,9,0,1,2.642857,2,0.6428572,8
30638,Female,5.371663,No,2,79,38,27,12,0,1,4.214286,1.928571,2.285714,4.285714
30430,Female,3.047228,No,3,80,35,29,10,1,0,0.6428572,0.5,0.1428571,1.857143
30094,Male,2.116359,No,3,61,30,20,15,1,0,0.5,0.5,0,2
30775,Male,4.295688,No,3,76,38,24,12,0,0,3.571429,2.571429,1,2.428571
300031,Female,2.551677,No,3,74,38,21,11,0,0,1.428571,1.285714,0.1428571,2.285714
30920,Female,3.56742,No,2,80,34,27,7,0,0,1.5,1,0.5,2.714286
30640,Male,4.996578,No,3,83,36,29,8,0,1,3.642857,2.642857,1,10.57143
300030,Male,3.690623,No,3,69,31,22,10,0,0,1.642857,1.142857,0.5,2
30941,Female,2.067077,No,3,70,35,20,11,0,0,1.142857,1,0.1428571,1.857143
30764,Male,2.757016,No,3,81,37,26,8,1,1,0.6428572,0.6428572,0,6.142858
30347,Male,3.282683,No,3,75,36,22,9,0,1,1.642857,1.142857,0.5,3.642857
30192,Male,4.386037,No,2,69,32,21,10,0,1,7.428572,3.714286,3.714286,12
30091,Male,3.531827,No,3,70,34,21,11,0,1,1.642857,1.142857,0.5,3
30424,Female,4.654346,No,3,78,34,29,11,0,1,2.285714,2.285714,0,3.142857
30167,Male,4.750171,No,3,84,37,29,8,0,0,1.285714,0.6428572,0.6428572,2.428571
30542,Male,3.693361,No,3,77,36,24,9,1,1,0.2857143,0.2857143,0,4
30512,Male,5.713894,No,3,78,38,26,12,0,0,1.5,1,0.5,2
30138,Male,4.298426,No,2,79,37,25,9,0,1,4.285714,3,1.285714,3.785714
30323,Female,5.91102,No,3,81,37,29,11,0,0,5.428572,3.285714,2.142857,1.285714
30953,Female,3.964408,No,3,81,39,26,10,1,1,0.5714285,0.2857143,0.2857143,4
30500,Male,2.417522,No,3,79,35,26,8,0,1,2.357143,2,0.3571429,4
30256,Male,2.691307,Yes,3,64,29,19,10,0,1,2.428571,2.285714,0.1428571,6.214286
30320,Male,4.561259,No,2,83,38,26,7,0,1,6.071428,5.571428,0.5,9.714285
30768,Female,4.479124,No,3,77,34,28,11,0,1,2.428571,1.928571,0.5,3.285714
30789,Male,2.140999,No,3,84,37,29,10,0,1,1.071429,0.9285715,0.1428571,5.428572
300048,Male,3.351129,No,3,79,38,25,10,0,1,1.785714,1.142857,0.6428572,7.785714
30884,Female,3.88501,No,3,76,36,26,12,1,0,0.6428572,0.6428572,0,1
30416,Female,2.759754,No,2,83,39,28,10,0,1,2.785714,2.285714,0.5,3.714286
30203,Male,3.468857,Yes,3,68,34,19,11,1,1,0.5,0,0.5,3.642857
30157,Male,2.590007,No,3,69,33,20,12,1,0,0.5714285,0.2857143,0.2857143,1
30888,Female,4.347707,No,1,73,37,23,13,0,0,2.357143,2.214286,0.1428571,1.857143
30435,Female,4.657084,No,3,82,36,29,9,0,1,1.785714,1.142857,0.6428572,4
30780,Female,2.036961,No,1,79,34,29,10,1,1,0.6428572,0.5,0.1428571,6.571428
30478,Male,3.915127,No,3,82,38,27,9,1,0,1,0.6428572,0.3571429,2.928571
30524,Male,5.043121,No,3,84,37,29,8,0,1,1.785714,1.214286,0.5714285,5.142858
30064,Female,2.699521,No,1,79,37,25,9,0,1,2.571429,2.571429,0,3.428571
30783,Female,3.852156,No,1,77,39,24,12,0,1,8.857143,6.142858,2.714286,12
30529,Male,4.845996,No,3,83,37,27,7,0,1,1.285714,1.285714,0,4
30259,Male,3.660506,No,2,79,39,25,11,1,1,1,0.6428572,0.3571429,4.571428
300032,Male,3.802875,No,3,78,36,26,10,0,1,1.285714,0.6428572,0.6428572,3.285714
30002,Male,4.654346,No,3,67,32,22,13,0,0,1.642857,1,0.6428572,1.285714
30185,Male,3.479808,No,2,83,39,27,9,0,1,2.285714,1.785714,0.5,5.5
30769,Female,4.895277,No,3,80,39,25,10,0,1,3.142857,2.5,0.6428572,3.285714
30825,Male,3.958932,No,3,81,37,28,10,0,1,2.285714,2.142857,0.1428571,3.714286
30718,Female,3.756331,No,3,69,29,23,9,0,0,1.285714,0.7857143,0.5,2.214286
30821,Female,2.94319,No,3,76,34,26,10,1,1,0.9285715,0.7857143,0.1428571,3.285714
30881,Male,2.475017,Yes,3,82,39,26,9,0,0,2,1.357143,0.6428572,2.714286
30289,Male,4.169747,No,3,79,39,25,11,0,1,1.785714,1.785714,0,4.285714
30532,Male,2.915811,No,3,84,39,29,10,1,1,0.6428572,0.6428572,0,4.571428
30743,Female,5.043121,Yes,3,76,30,30,10,0,1,4.285714,2,2.285714,3.285714
30482,Male,3.37577,No,3,78,35,30,13,1,1,1,0.5,0.5,5.857142
30741,Male,3.422313,No,3,69,33,21,11,0,0,1.928571,0.7142857,1.214286,0.6428572
30228,Male,4.70089,No,3,82,37,27,8,0,1,1.5,0.8571428,0.6428572,3.428571
30766,Male,3.126626,No,3,87,39,30,8,0,1,1.071429,0.9285715,0.1428571,4.428572
30341,Male,2.335387,Yes,2,82,38,27,9,0,1,3.214286,2.214286,1,3.285714
30922,Female,4.473648,No,3,81,37,28,10,1,0,0.7857143,0.6428572,0.1428571,2.714286
30467,Female,2.370979,No,2,76,35,27,12,0,1,4.142857,4.142857,0,5
30811,Male,3.266256,No,3,75,33,24,10,0,1,3.571429,2,1.571429,4
30572,Male,3.422313,No,1,73,36,22,11,0,0,3.714286,2.428571,1.285714,1.285714
30568,Female,2.945927,No,3,83,36,30,9,0,0,5,4.857142,0.1428571,2.714286
